Metric,Score
Accuracy,0.9833333333333333
Precision,0.9841269841269842
Recall,0.9833333333333334
F1,0.9833229101521784
